娘,아가씨,낭*/ 냥*
諾,승낙할,낙
絡,얽힐,락
洛,강 이름,락
珞,목걸이,락
酪,술,락
烙,지질,락
駱,낙타,락
爛,문드러질,란
瀾,물결,란
亂,어지러울,란
欄,난간,란
蘭,난초,란
卵,알,란
濫,넘칠,람
覽,볼,람
鸞,난새,란
藍,쪽,람
拉,당길,라
蠟,찹쌀,랍
臘,섣달,랍
朗,밝을,랑
浪,물결,랑
狼,이리,랑
郞,사내,랑
萊,명아주,래
來,올,래
良,좋을,량
糧,양식,량
亮,밝을,량
諒,헤아릴,량
凉,서늘할,량
梁,들보,량
量,헤아릴,량
侶,짝,려
儷,짝,려
藜,명아주,려
驢,당나귀,려
呂,척추뼈,려
閭,마을,려
驪,검은 말,려
黎,검을,려
廬,오두막,려
礪,거칠,려
濾,거를,려
瀝,물방울,력
礫,자갈,력
鍊,단련할,련
憐,불쌍히 여길,련
聯,잇닿을,련
戀,사모할,련
蓮,연꽃,련
漣,물결,련
輦,수레,련
攣,굽을,련
斂,거둘,렴
濂,물 맑을,렴
簾,발,렴
殮,염할,렴
翎,깃,령
齡,나이,령
玲,옥 소리,령
鈴,방울,령
醴,단술,례
零,떨어질,령
靈,신령,령
嶺,재,령
隷,종,례
魯,노나라,로
盧,밥그릇,로
鷺,해오라비,로
櫓,노,로
虜,사로잡을,로
撈,건질,로
鹵,짜다,로
麓,산기슭,록
籠,대바구니,롱
聾,귀머거리,롱
儡,허수아비,뢰
瀨,여울,뢰
牢,우리,뢰
療,나을,료
遼,멀,료
寮,동료,료
陋,좁을,루
壘,보루,루
婁,별 이름,루
琉,유리,류
劉,류씨,류
硫,유황,류
溜,흐를,류
榴,석류,류
瘤,혹,류
謬,그르칠,류
戮,죽일,륙
輪,바퀴,륜
綸,낚싯줄,륜
崙,곤륜산,륜
慄,떨,률
律,법,률
栗,밤,률
率,거느릴,률
隆,높을,륭
陵,언덕,릉
凌,업신여길,릉
綾,비단,릉
菱,마름,릉
稜,모,릉
楞,나무,릉
吏,벼슬아치,리
離,떠날,리
裏,속,리
履,신,리
梨,배,리
隣,이웃,린
臨,임할,림
螺,소라,라
裸,벌거벗을,라
蘿,무,라
懶,게으를,란
癩,나병,라
力,힘,력
老,늙을,로
立,설,립
樂,즐거울,락*/ 악*/ 요*
來,올,래
令,하여금,령
利,이로울,리
例,법식,례
料,헤아릴,료
里,마을,리
林,수풀,림
落,떨어질,락
旅,나그네,려
禮,예도,례
路,길,로
論,논할,론
流,흐를,류
律,법,률
理,다스릴,리
卵,알,란
冷,찰,랭
良,좋을,량
量,헤아릴,량
歷,지낼,력
連,이을,련
列,벌일,렬
留,머무를,류
陸,뭍,륙
浪,물결,랑
郞,사내,랑
凉,서늘할,량
練,익힐,련
烈,맹렬할,렬
領,거느릴,령
露,이슬,로
綠,푸를,록
柳,버들,류
倫,인륜,륜
李,오얏,리
羅,비단 나,라
諾,승낙할,낙
絡,얽힐,락
亂,어지러울,란
欄,난간,란
蘭,난초,란
濫,넘칠,람
覽,볼,람
廊,행랑,랑
略,대략,략
掠,노략질할,략
梁,들보,량
糧,양식,량
諒,헤아릴,량
麗,고울,려
慮,생각할,려
勵,힘쓸,려
曆,책력,력
鍊,단련할,련
憐,불쌍히 여길,련
聯,잇닿을,련
戀,사모할,련
蓮,연꽃,련
劣,약할,렬
裂,찢을,렬
廉,청렴할,렴
獵,사냥할,렵
零,떨어질,령
靈,신령,령
嶺,재,령
隷,종,례
爐,화로,로
祿,복,록
錄,기록할,록
鹿,사슴,록
弄,희롱할,롱
馬,말,마
魔,마귀,마
麻,삼,마
摩,비빌,마
瑪,마노,마
痲,저릴,마
莫,없을,막
幕,장막,막
漠,사막,막
膜,막,막
寞,고요할,막
卍,만,만
萬,일만,만
娩,해산할,만
彎,굽을,만
挽,당길,만
曼,길,만
漫,질펀할,만
慢,거만할,만
忙,바쁠,망
妄,망령될,망
望,바랄,망
罔,그물,망
賣,팔,매
妹,누이,매
媒,중매할,매
梅,매화,매
昧,어두울,매
枚,낱,매
埋,묻을,매
脈,맥박,맥
罵,꾸짖을,매
邁,나아갈,매
魅,도깨비,매
麥,보리,맥
貊,종족 이름,맥
孟,맏,맹
盲,소경,맹
盟,맹세할,맹
猛,사나울,맹
免,면할,면
面,낯,면
眠,잠잘,면
冕,면류관,면
綿,솜,면
沔,물 이름,면
麵,밀가루,면
滅,멸망할,멸
蔑,업신여길,멸
溟,어두울,명
名,이름,명
銘,새길,명
命,목숨,명
明,밝을,명
某,아무,모
母,어미,모
慕,사모할,모
墓,무덤,모
募,모을,모
矛,창,모
謨,꾀할,모
貌,모양,모
模,본뜰,모
侮,업신여길,모
冒,무릅쓸,모
牧,칠,목
木,나무,목
睦,화목할,목
目,눈,목
沒,빠질,몰
蒙,어두울,몽
夢,꿈,몽
卯,토끼,묘
妙,묘할,묘
巫,무당,무
武,굳셀,무
務,힘쓸,무
舞,춤출,무
懋,힘쓸,무
畝,밭두둑,무
無,없을,무
物,만물,물
勿,말,물
墨,먹,묵
黙,잠잠할,묵
文,글월,문
門,문,문
聞,들을,문
吻,입술,문
汶,강 이름,문
紋,무늬,문
悶,답답할,문
微,작을,미
美,아름다울,미
末,끝,말
味,맛,미
未,아닐,미
彌,두루,미
薇,고비,미
眉,눈썹,미
迷,미혹할,미
民,백성,민
敏,민첩할,민
憫,민망할,민
旼,온화할,민
閔,근심할,민
米,쌀,미
密,빽빽할,밀
蜜,꿀,밀
燐,도깨비불,린
琳,아름다운 옥,림
霖,장마,림
淋,젖을,림
笠,갓,립
粒,낟알,립
卯,토끼,묘
妙,묘할,묘
茂,무성할,무
墨,먹,묵
黙,잠잠할,묵
木,나무,목
目,눈,목
文,글월,문
門,문,문
物,만물,물
勿,말,물
微,작을,미
眉,눈썹,미
迷,미혹할,미
敏,민첩할,민
憫,민망할,민
旼,온화할,민
閔,근심할,민
密,빽빽할,밀
蜜,꿀,밀
磨,갈,마
麻,삼,마
瑪,마노,마
莫,없을,막
幕,장막,막
漠,사막,막
漫,질펀할,만
慢,거만할,만
晩,늦을,만
忘,잊을,망
忙,바쁠,망
昧,어두울,매
枚,낱,매
罵,꾸짖을,매
邁,나아갈,매
魅,도깨비,매
貊,종족 이름,맥
萌,싹틀,맹
冕,면류관,면
綿,솜,면
沔,물 이름,면
麵,밀가루,면
蔑,업신여길,멸
溟,어두울,명
皿,그릇,명
帽,모자,모
牟,보리,모
牡,수컷,모
多,많을,다
丹,붉을,단
但,다만,단
旦,아침,단
短,짧을,단
斷,끊을,단
壇,제단,단
團,둥글,단
擔,멜,담
談,말씀,담
淡,맑을,담
澹,맑을,담
畓,논,답
答,대답할,답
唐,당나라,당
堂,집,당
黨,무리,당
當,마땅할,당
臺,돈대,대
代,대신할,대
待,기다릴,대
帶,띠,대
戴,일,대
玳,대모,대
袋,자루,대
悳,덕,덕
德,큰 덕,덕
到,이를,도
刀,칼,도
盜,훔칠,도
徒,무리,도
圖,그림,도
島,섬,도
度,법,도
道,길,도
都,도읍,도
督,감독할,독
獨,홀로,독
讀,읽을,독
毒,독,독
篤,도타울,독
斗,말,두
豆,콩,두
頭,머리,두
敦,도타울,돈
銅,구리,동
同,같을,동
冬,겨울,동
動,움직일,동
洞,골,동
棟,마룻대,동
凍,얼,동
胴,몸뚱이,동
董,감독할,동
瞳,눈동자,동
屯,진칠,둔
遁,달아날,둔
遯,달아날,둔
鈍,둔할,둔
등,같을,등
登,오를,등
謄,베낄,등
鄧,지명,등
談,말씀,담
達,통달할,달
膽,쓸개,담
燈,등잔,등
畓,논,답
踏,밟을,답
塘,못,당
撞,칠,당
棠,해당화,당
幢,당,당
臺,돈대,대
隊,무리,대
戴,일,대
悼,슬퍼할,도
桃,복숭아,도
稻,벼,도
渡,건널,도
塗,바를,도
賭,걸,도
鍍,도금할,도
犢,송아지,독
讀,읽을,독
獨,홀로,독
墩,돈대,돈
頓,조아릴,돈
敦,도타울,돈
突,갑자기,돌
潼,지명,동
胴,몸뚱이,동
董,감독할,동
兜,투구,두
杜,막을,두
痘,마마,두
遁,달아날,둔
遯,달아날,둔
鈍,둔할,둔
등,같을,등
達,통달할,달
擔,멜,담
檀,박달나무,단
痰,가래,담
譚,이야기,담
濤,물결,도
燾,비출,도
禱,빌,도
萄,포도,도
蹈,밟을,도
瀆,도랑,독
牘,문서,독
禿,대머리,독
豚,돼지,돈
凍,얼,동
桐,오동나무,동
疼,아플,동
瞳,눈동자,동
杜,막을,두
藤,등나무,등
騰,오를,등
踏,밟을,답
糖,사탕,당
隊,무리,대
跳,뛸,도
途,길,도
陶,질그릇,도
逃,달아날,도
倒,넘어질,도
導,이끌,도
挑,돋울,도
憧,그리워할,동
沌,혼돈,돈
八,여덟,팔
把,잡을,파
波,물결,파
琶,비파,파
芭,파초,파
坂,비탈,판
版,널빤지,판
判,판단할,판
販,팔,판
瓣,꽃잎,판
辦,처리할,판
阪,비탈,판
敗,패할,패
唄,염불할,패
悖,어그러질,패
浿,물 이름,패
牌,패,패
稗,피,패
覇,으뜸,패
彭,성씨,팽
膨,부풀,팽
便,편할,편
編,엮을,편
偏,치우칠,편
坪,평,평
評,평할,평
平,평평할,평
幣,화폐,폐
廢,폐할,폐
弊,폐단,폐
肺,허파,폐
蔽,가릴,폐
表,겉,표
票,표,표
漂,떠다닐,표
頗,자못,파
坡,비탈,파
捕,잡을,포
抱,안을,포
泡,거품,포
疱,물집,포
砲,대포,포
脯,육포,포
苞,풀,포
葡,포도,포
蒲,부들,포
褒,칭찬할,포
逋,달아날,포
鋪,펼,포
鮑,전복,포
曝,쬘,폭
爆,터질,폭
瀑,폭포,폭
風,바람,풍
豐,풍년,풍
諷,풍자할,풍
馮,탈,풍
披,헤칠,피
皮,가죽,피
疲,지칠,피
弼,도울,필
筆,붓,필
畢,마칠,필
乏,모자랄,핍
逼,다그칠,핍
表,겉,표
票,표,표
漂,떠다닐,표
被,입을,피
避,피할,피
必,반드시,필
品,물건,품
풍,바람,풍
豐,풍년,풍
鮑,전복,포
曝,쬘,폭
瀑,폭포,폭
弼,도울,필
乏,모자랄,핍
逼,다그칠,핍
布,베,포
抱,안을,포
胞,태,포
浦,물가,포
飽,배부를,포
捕,잡을,포
幅,폭,폭
標,표,표
瓢,표주박,표
豹,표범,표
稟,아뢸,품
楓,단풍나무,풍
諷,풍자할,풍
豊,풍년,풍
馮,탈,풍
披,헤칠,피
弼,도울,필
乏,모자랄,핍
逼,다그칠,핍
杓,국자,작*/ 표*
瓢,표주박,표
豹,표범,표
稟,아뢸,품
楓,단풍나무,풍
儺,나례,나
拏,잡을,나
那,어찌,나
納,들일,납
奈,어찌,내
捺,누를,날
囊,주머니,낭
男,사내,남
南,남녘,남
暖,따뜻할,난
難,어려울,난
內,안,내
乃,이에,내
腦,뇌,뇌
惱,괴로워할,뇌
紐,끈,뉴
尼,비구니,니
泥,진흙,니
匿,숨을,닉
溺,빠질,닉
寧,편안할,녕*/ 영*
努,힘쓸,노
奴,종,노
農,농사,농
濃,짙을,농
膿,고름,농
訥,말더듬을,눌
念,생각,념
能,능할,능
太,클,태
宅,집,택
歎,탄식할,탄
彈,탄알,탄
炭,숯,탄
誕,태어날,탄
脫,벗을,탈
貪,탐할,탐
塔,탑,탑
湯,끓을,탕
打,칠,타
他,다를,타
妥,마땅할,타
怠,게으를,태
殆,위태할,태
態,모습,태
澤,못,택
擇,가릴,택
探,찾을,탐
泰,클,태
討,칠,토
土,흙,토
吐,토할,토
痛,아플,통
統,거느릴,통
通,통할,통
鬪,싸울,투
透,사무칠,투
投,던질,투
唾,침,타
惰,게으를,타
舵,키,타
陀,비탈,타
駝,낙타,타
卓,높을,탁
濯,씻을,탁
擢,뽑을,탁
琢,쪼을,탁
託,부탁할,탁
鐸,방울,탁
呑,삼킬,탄
坦,평탄할,탄
灘,여울,탄
耽,즐길,탐
蕩,방탕할,탕
兌,바꿀,태
台,대,태
汰,가릴,태
笞,매,태
胎,태,태
苔,이끼,태
撑,버틸,탱
兎,토끼,토
桶,통,통
筒,통,통
堆,쌓을,퇴
退,물러날,퇴
腿,허벅지,퇴
頹,무너질,퇴
套,씌울,투
妬,샘할,투
特,특별할,특
年,해,년
女,여자,녀
內,안,내
農,농사,농
惱,괴로워할,뇌
快,쾌할,쾌
宅,집,택
統,거느릴,통
通,통할,통
打,칠,타
脫,벗을,탈
投,던질,투
破,깨뜨릴,파
篇,책,편
墮,"떨어질, 타락할",타
托,맡길,탁
濁,흐릴,탁
卓,높을,탁