車,수레,차*/ 거*
高,높을,고
工,장인,공
果,열매,과
交,사귈,교
口,입,구
家,집,가
角,뿔,각
建,세울,건
見,볼,견
季,계절,계
古,옛,고
故,옛/ 연고,고
曲,굽을,곡
科,과목,과
光,빛,광
九,아홉,구
軍,군사,군
今,이제,금
金,쇠/ 성(姓),금
己,몸,기
加,더할,가
間,사이,간
江,강,강
去,갈,거
決,결단할,결
京,서울,경
慶,경사,경
競,다툴,경
經,지날/ 글,경
界,지경,계
計,셈할,계
告,알릴,고
考,생각할,고
公,공평할,공
共,함께,공
過,지날,과
校,학교,교
求,구할,구
究,연구할,구
國,나라,국
君,임금,군
基,터,기
技,재주,기
氣,기운,기
記,기록할,기
價,값,가
可,옳을,가
感,느낄,감
開,열,개
客,손,객
結,맺을,결
敬,공경할,경
固,굳을,고
功,공,공
空,빌/ 하늘,공
課,부과할,과
官,벼슬,관
觀,볼,관
廣,넓을,광
敎,가르칠,교
郡,고을,군
近,가까울,근
期,기약할,기
吉,길할,길
歌,노래,가
街,거리,가
各,각각,각
干,방패*/ 마를*,간
强,강할*/ 굳셀*,강/ 항
個,낱,개
改,고칠,개
擧,들,거
犬,개,견
谷,골짜기,곡
骨,뼈,골
久,오래,구
句,글귀,구
救,구할,구
弓,활,궁
權,권리,권
貴,귀할,귀
勤,부지런할,근
禁,금할,금
其,그,기
起,일어날,기
佳,아름다울,가
假,거짓/ 빌릴,가
脚,다리,각
看,볼,간
渴,목마를,갈
敢,감히,감
減,덜,감
甘,달,감
講,강론할,강
降,내릴*/ 항복할*,강/ 항
皆,다,개
更,다시*/ 고칠*,경/ 갱
居,살,거
巨,클,거
乾,마를*/ 하늘*,건/ 간
堅,굳을,견
潔,깨끗할,결
庚,일곱째 천간,경
耕,밭 갈,경
輕,가벼울,경
驚,놀랄,경
溪,시내,계
癸,열째 천간,계
鷄,닭,계
苦,쓸,고
穀,곡식,곡
困,곤할,곤
坤,땅,곤
關,관계할*/ 빗장*,관/ 관
橋,다리,교
舊,옛,구
勸,권할,권
卷,책,권
歸,돌아갈,귀
均,고를,균
極,다할*/ 지극할*,극/ 극
及,미칠,급
急,급할,급
給,줄,급
幾,몇,기
旣,이미,기
架,시렁,가
暇,틈,가
却,물러날,각
閣,문설주,각
覺,깨달을,각
刻,새길,각
刊,새길,간
肝,간,간
幹,줄기,간
簡,간단할,간
姦,간사할,간
懇,간절할,간
監,살필,감
鑑,거울,감
康,편안할,강
剛,굳셀,강
鋼,쇠,강
各,각각,각
干,방패/ 마를,간
强,강할,강
伽,절,가
歌,노래,가
嘉,아름다울,가
嫁,시집갈,가
柯,가지,가
稼,심을,가
苛,꾸짖을,가
袈,가사,가
訶,꾸짖을,가
賈,값,가
跏,앉을,가
迦,갈,가
駕,수레,가
恪,삼갈,각
殼,껍데기,각
格,격식,격
隔,뗄,격
擊,칠,격
激,격렬할,격
肩,어깨,견
遣,보낼,견
牽,끌,견
絹,비단,견
劍,칼,검
檢,검사할,검
兼,겸할,겸
謙,겸손할,겸
缺,빠질,결
乞,빌,걸
傑,뛰어날,걸
健,굳셀,건
件,낱,건
綱,벼리,강
剛,굳셀,강
講,강론할,강
慨,분개할,개
槪,대개,개
蓋,덮을,개
距,떨어질,거
拒,막을,거
據,근거,거
硬,굳을,경
警,경계할,경
徑,지름길,경
卿,벼슬,경
竟,마침내,경
境,지경,경
鏡,거울,경
頃,이랑,경
傾,기울,경
系,맬,계
係,맬,계
戒,경계할,계
械,기계,계
繼,이을,계
契,맺을,계
桂,계수나무,계
啓,열,계
階,섬돌,계
繫,맬,계
枯,마를,고
姑,시어머니,고
庫,곳집,고
孤,외로울,고
鼓,북,고
稿,볏짚,고
顧,돌아볼,고
哭,울,곡
孔,구멍,공
供,이바지할,공
恭,공손할,공
攻,칠,공
恐,두려울,공
貢,바칠,공
寡,적을,과
誇,자랑할,과
郭,성곽,곽
館,집,관
管,대롱,관
貫,꿰뚫을,관
慣,익숙할,관
冠,갓,관
寬,너그러울,관
鑛,쇳돌,광
狂,미칠,광
掛,걸,괘
塊,덩어리,괴
愧,부끄러워할,괴
怪,괴이할,괴
壞,무너질,괴
郊,들,교
較,견줄,교
巧,공교할,교
矯,바로잡을,교
丘,언덕,구
俱,함께,구
懼,두려워할,구
狗,개,구
龜,거북,구*/ 귀*
驅,몰,구
構,얽을,구
具,갖출,구
區,나눌,구
拘,잡을,구
球,공,구
苟,진실로,구
菊,국화,국
局,판국,국
群,무리,군
屈,굽을,굴
窮,다할,궁
宮,집,궁
券,문서,권
拳,주먹,권
厥,그,궐
軌,궤도,궤
鬼,귀신,귀
規,법,규
叫,부르짖을,규
糾,얽힐,규
菌,버섯,균
克,이길,극
劇,심할,극
斤,도끼,근
僅,겨우,근
謹,삼갈,근
琴,거문고,금
禽,새,금
錦,비단,금
級,등급,급
肯,긍정할,긍
忌,꺼릴,기
棄,버릴,기
祈,빌,기
豈,어찌,기
機,틀,기
騎,탈,기
紀,벼리,기
飢,주릴,기
旗,깃발,기
欺,속일,기
企,꾀할,기
奇,기이할,기
寄,부칠,기
器,그릇,기
畿,경기,기
緊,긴할,긴
澗,산골물,간
癎,간질,간
杆,창,간
桿,장대,간
艮,그칠,간
艱,어려울,간
諫,간할,간
奸,간사할,간
墾,개간할,간
竿,낚싯대,간
柑,감귤,감
疳,감질,감
紺,감색,감
勘,헤아릴,감
堪,견딜,감
嵌,낄,감
憾,한할,감
갓,갓,갓
喝,꾸짖을,갈
碣,비석,갈
葛,칡,갈
褐,갈색,갈
鞨,오랑캐,갈
龕,감실,감
匣,상자,갑
岬,곶,갑
姜,성 강,강
岡,언덕,강
崗,언덕,강
疆,지경,강
腔,빌,강
薑,생강,강
凱,즐거울,개
漑,물 댈,개
箇,낱,개
芥,겨자,개
坑,구덩이,갱
羹,국,갱
巾,수건,건
腱,힘줄,건
虔,공경할,건
鍵,열쇠,건
杰,뛰어날,걸
黔,검을,검
劫,겁탈할,겁
怯,겁낼,겁
偈,게송,게
揭,들,게
檄,격문,격
覡,박수,격
甄,질그릇,견
繭,고치,견
鵑,두견새,견
訣,이별할,결
鎌,낫,겸
憬,깨달을,경
暻,밝을,경
梗,대개,경
璟,옥빛,경
瓊,옥,경
痙,경기,경
磬,경쇠,경
脛,정강이,경
莖,줄기,경
頸,목,경
鯨,고래,경
悸,가슴 뛸,계
稽,상고할,계
誡,경계할,계
谿,시내,계
叩,두드릴,고
拷,칠,고
攷,상고할,고
皐,못,고
股,넓적다리,고
膏,기름,고
藁,짚,고
袴,바지,고
誥,고할,고
錮,굳을,고
雇,고용할,고
崑,곤륜산,곤
昆,많을,곤
棍,몽둥이,곤
袞,곤룡포,곤
控,당길,공
拱,마주 잡을,공
串,꿸,관
戈,창,과
瓜,오이,과
菓,과일,과
顆,낱,과
槨,덧널,곽
藿,콩잎,곽
廓,성곽,곽
棺,널,관
款,조목,관
灌,물 댈,관
罐,뚜껑,관
括,묶을,괄
适,갈,괄
匡,바룰,광
壙,구덩이,광
曠,빌,광
珖,빛날,광
卦,점괘,괘
乖,어그러질,괴
傀,허수아비,괴
槐,홰나무,괴
魁,으뜸,괴
宏,넓을,굉
僑,더부살이할,교
咬,물,교
喬,높을,교
嬌,아리따울,교
攪,어지러울,교
絞,목맬,교
膠,아교,교
轎,가마,교
驕,교만할,교
仇,원수,구
勾,갈고리,구
垢,때,구
寇,도적,구
歐,토할,구
毬,공,구
溝,도랑,구
灸,뜸,구
矩,곱자,구
臼,절구,구
舅,외삼촌,구
購,살,구
軀,몸,구
逑,짝,구
邱,언덕,구
鉤,갈고리,구
駒,망아지,구
鳩,비둘기,구
鷗,갈매기,구
耈,늙은이,구
鞠,국화,국
鞫,국문할,국
麴,누룩,국
裙,치마,군
堀,굴,굴
掘,팔,굴
窟,굴,굴
穹,하늘,궁
躬,몸,궁
倦,게으를,권
圈,우리,권
捲,걷을,권
眷,돌아볼,권
闕,대궐,궐
櫃,궤,궤
潰,무너질,궤
晷,해 그림자,궤
圭,홀,규
奎,별 이름,규
揆,헤아릴,규
珪,옥 홀,규
硅,규소,규
窺,엿볼,규
葵,해바라기,규
閨,안방,규
筠,대나무,균
鈞,서른 근,균
橘,귤,귤
剋,이길,극
戟,창,극
棘,가시,극
隙,틈,극
劤,힘쓸,근
槿,무궁화,근
瑾,옥,근
筋,힘줄,근
覲,뵐,근
芩,시금초,금
衾,이불,금
衿,옷깃,금
襟,옷깃,금
扱,거둘,급*/ 즙*
汲,길을,급
兢,삼갈,긍
矜,불쌍히 여길,긍
伎,재주,기
冀,바랄,기
嗜,즐길,기
妓,기생,기
岐,갈림길,기
崎,험할,기
朞,돌,기
杞,구기자,기
棋,바둑,기
飢,주릴,기
旗,깃발,기
惡,악할,악*/ 오*
安,편안할,안
案,책상,안
眼,눈,안
顔,얼굴,안
巖,바위,암
暗,어두울,암
仰,우러러볼,앙
哀,슬플,애
愛,사랑,애
兒,아이,아
也,어조사,야
夜,밤,야
弱,약할,약
藥,약,약
揚,날릴,양
兩,두,양
羊,양,양
洋,큰 바다,양
養,기를,양
讓,사양할,양
熱,더울,열
要,중요할,요
榮,영화,영
藝,재주,예
億,억,억
憶,생각할,억
嚴,엄할,엄
余,나,여
如,같을,여
汝,너,여
與,줄,여
餘,남을,여
亦,또,역
易,쉬울,역*/ 이*
逆,거스를,역
然,그러할,연
硏,갈,연
煙,연기,연
悅,기쁠,열
炎,불꽃,염
葉,잎,엽
迎,맞이할,영
永,길,영
英,꽃부리,영
五,다섯,오
午,낮,오
吾,나,오
悟,깨달을,오
誤,그르칠,오
烏,까마귀,오
瓦,기와,와
臥,엎드릴,와
往,갈,왕
王,임금,왕
外,바깥,외
屋,집,옥
玉,구슬,옥
溫,따뜻할,온
完,완전할,완
右,오른쪽,우
用,쓸,용
元,으뜸,원
原,근원,원
願,원할,원
園,동산,원
遠,멀,원
怨,원망할,원
雨,비,우
友,벗,우
又,또,우
尤,더욱,우
遇,만날,우
憂,근심할,우
雄,수컷,웅
運,운반할,운
云,이를,운
雲,구름,운
圓,둥글,원
曰,가로되,왈
瓦,기와,와
臥,엎드릴,와
汽,김,기
沂,물 이름,기
琦,옥,기
琪,옥,기
璣,구슬,기
畸,기이할,기
碁,바둑,기
祇,지신,기
祺,길할,기
箕,키,기
綺,비단,기
羈,굴레,기
耆,늙은이,기
饑,주릴,기
驥,천리마,기
麒,기린,기
喫,마실,끽
肉,고기,육
六,여섯,육
音,소리,음
陰,응달,음
飮,마실,음
吟,읊을,음
邑,고을,읍
依,의지할,의
矣,어조사,의
醫,의원,의
議,의논할,의
意,뜻,의
衣,옷,의
以,써,이
益,더할,익
人,사람,인
仁,어질,인
因,인할,인
一,한,일
日,해,일
入,들,입
臥,엎드릴,와
王,임금,왕
外,바깥,외
用,쓸,용
元,으뜸,원
原,근원,원
願,원할,원
園,동산,원
遠,멀,원
怨,원망할,원
欲,하고자 할,욕
勇,날랠,용
容,얼굴,용
愚,어리석을,우
牛,소,우
雨,비,우
友,벗,우
宇,집,우
雄,수컷,웅
運,운반할,운
云,이를,운
雲,구름,운
圓,둥글,원
爲,할,위
危,위태할,위
威,위엄,위
遺,남길,유
油,기름,유
幼,어릴,유
柔,부드러울,유
猶,오히려,유
遊,놀,유
育,기를,육
酉,닭,유
銀,은,은
恩,은혜,은
乙,새,을
吟,읊을,음
陰,응달,음
泣,울,읍
依,의지할,의
矣,어조사,의
已,이미,이
漁,물고기 잡을,어
牙,어금니,아
亞,버금,아
芽,싹,아
雅,맑을,아
餓,굶주릴,아
俄,갑자기,아
啞,벙어리,아
娥,예쁠,아
峨,높을,아
蛾,나방,아
衙,관청,아
鵝,거위,아
岳,큰 산,악
嶽,큰 산,악
堊,백토,악
握,잡을,악
顎,턱,악
雁,기러기,안
岸,언덕,안
謁,뵐,알
壓,누를,압
押,누를,압
앙,昂,오를
秧,모,앙
央,가운데,앙
殃,재앙,앙
厓,언덕,애
涯,물가,애
厄,액,액
額,이마,액
埃,티끌,애
崖,벼랑,애
碍,막힐,애
艾,쑥,애
掖,낄,액
液,진액,액
櫻,앵두,앵
鶯,꾀꼬리,앵
於,어조사,어
御,어거할,어
淤,막힐,어
漁,물고기 잡을,어
憶,생각할,억
抑,누를,억
億,억,억
焉,어찌,언
彦,선비,언
諺,속담,언
堰,둑,언
偃,쓰러뜨릴,언
宴,잔치,연
燕,제비,연
沿,따를,연
燃,탈,연
演,펼,연
鉛,납,연
延,늘일,연
軟,연할,연
緣,인연,연
椽,서까래,연
烟,연기,연
硯,벼루,연
筵,돗자리,연
衍,넘칠,연
鳶,솔개,연
涅,진흙,녈
閱,볼,열
厭,싫어할,염
焰,불꽃,염
艶,고울,염
閻,마을 문,염
髥,구레나룻,염
染,물들일,염
鹽,소금,염
燁,빛날,엽
曳,끌,예
豫,미리,예
譽,기릴,예
銳,날카로울,예
濊,더러울,예
睿,밝을,예
穢,더러울,예
芮,풀,예
裔,후예,예
預,미리,예
泳,헤엄칠,영
詠,읊을,영
映,비칠,영
營,경영할,영
影,그림자,영
暎,비칠,영
瑩,옥빛,영
瀛,바다,영
盈,찰,영
穎,이삭,영
纓,갓끈,영
叡,밝을,예
五,다섯,오
吾,나,오
吳,나라 이름,오
奧,깊을,오
傲,거만할,오
嗚,탄식할,오
汚,더러울,오
翁,늙은이,옹
擁,품을,옹
緩,느릴,완
畏,두려워할,외
腰,허리,요
遙,멀,요
謠,노래,요
搖,흔들,요
慾,하고자 할,욕
辱,욕되게 할,욕
庸,보통,용
偶,짝,우
愚,어리석을,우
郵,우편,우
羽,깃,우
優,뛰어날,우
韻,운,운
援,도울,원
院,집,원
源,근원,원
員,수,원
越,넘을,월
緯,씨줄,위
胃,위장,위
謂,이를,위
違,어길,위
圍,에워쌀,위
慰,위로할,위
僞,거짓,위
衛,지킬,위
幽,그윽할,유
惟,생각할,유
維,맬,유
乳,젖,유
儒,선비,유
裕,넉넉할,유
誘,꾈,유
愈,나을,유
悠,멀,유
閏,윤달,윤
潤,윤택할,윤
隱,숨을,은
淫,음란할,음
凝,엉길,응
儀,거동,의
疑,의심할,의
宜,마땅할,의
夷,오랑캐,이
異,다를,이
而,어조사,이
翼,날개,익
逸,달아날,일
印,도장,인
寅,동방,인
忍,참을,인
認,알,인
姻,혼인,인
任,맡길,임
賃,품삯,임
壬,아홉째 천간,임
予,미리,여
輿,수레,여
域,지경,역
役,부릴,역
驛,역참,역
疫,염병,역
譯,번역할,역
孼,서자,얼
儼,엄숙할,엄
掩,가릴,엄
繹,풀,역
業,업,업
吳,나라 이름,오
奧,깊을,오
傲,거만할,오
嗚,탄식할,오
汚,더러울,오
悟,깨달을,오
誤,그르칠,오
翁,늙은이,옹
擁,품을,옹
烏,까마귀,오
獄,감옥,옥
緩,느릴,완
畏,두려워할,외
腰,허리,요
遙,멀,요
謠,노래,요
搖,흔들,요
慾,하고자 할,욕
辱,욕되게 할,욕
庸,보통,용